cohort,n,events,genes_available,c_index,HR,HR_lower,HR_upper,logrank_p,cox_p
GSE54236,80,80,11,0.6205328135152697,1.683872764229637,1.0434730209141865,2.7172983194431235,0.00673655970443017,0.032821923111630194
