timepoint,positive_nb_range,max_nb
1-year,0.01-0.88,0.18089990817346283
3-year,0.01-0.98,0.3131313131320069
5-year,0.01-0.57,0.3645546372825519
