drug,target_gene,pathway,spearman_r,p_value
Erastin,SLC7A11,Ferroptosis inducer,0.6354059278947084,1.489852493294246e-35
Doxorubicin,TOP2A,DNA damage,0.3637966335631605,6.998880339299625e-11
5-Fluorouracil,TYMS,Antimetabolite,0.21652890905688668,0.00014922614750935182
Gemcitabine,RRM1,Antimetabolite,0.19445922722566422,0.0006792527285304736
Lenvatinib,RET,Multi-kinase,-0.13469328563141478,0.01919647416231712
RSL3,GPX4,Ferroptosis inducer,-0.11121954641174885,0.053511680173402805
Sorafenib,RAF1,Multi-kinase,-0.03412858282153929,0.5546516611119288
Sorafenib,BRAF,Multi-kinase,0.008274605815293197,0.8861295090272165
