cohort,AUC_1yr,AUC_1yr_lo,AUC_1yr_hi,AUC_3yr,AUC_3yr_lo,AUC_3yr_hi,AUC_5yr,AUC_5yr_lo,AUC_5yr_hi,Brier_1yr,Brier_3yr,Brier_5yr,IBS,cal_slope_3yr,cal_intercept_3yr,cal_R2_3yr,cal_slope_5yr,cal_intercept_5yr,cal_R2_5yr,NRI_3yr,NRI_events_3yr,NRI_nonevents_3yr,IDI_3yr,NRI_5yr,NRI_events_5yr,NRI_nonevents_5yr,IDI_5yr
TCGA-LIHC,0.7692230450709437,0.6951353431082925,0.836578627644633,0.7439475777075943,0.6646248891118294,0.8206525005280101,0.7501983759902637,0.6551230627540651,0.838503276003276,0.2195072620809678,0.21209882312271952,0.2210247568048557,0.2157207276051427,0.31127703006816454,0.4453634201444896,0.8438588619706453,0.2806959254745479,0.6119912730332515,0.7307200658427595,0.10989010989010994,-0.8901098901098901,1.0,0.09842093306511168,0.09523809523809534,-0.9047619047619047,1.0,0.28786531912591373
