subset,n,events,c_index,ci_lo,ci_hi,HR,logrank_p
White/European,149,75,0.6222805701425357,0.534849190247375,0.6930027694304285,3.0242120924547278,0.015577429368432618
Asian,129,43,0.7741854636591479,0.7033302409923892,0.836370913900769,5.417799174435744,1.1756760683389256e-05
