signature,n_genes_total,n_genes_available,n,events,c_index,ci_lo,ci_hi,HR,HR_lower,HR_upper,logrank_p
Our ROS/Ferroptosis (11-gene),11,10,221,85,0.5960537727666956,0.5399028027950423,0.6675350735698715,1.7882164036211143,1.1819576479001903,2.7054420366588814,0.004121497336239679
Hong 8-gene OS,8,8,221,85,0.5914281584272911,0.5232279037477395,0.6540483882085575,1.94862276734508,1.2391766642279398,3.0642367622225786,0.03482199422903504
Buffa hypoxia (15-gene),15,14,221,85,0.6216392020815265,0.5632103791335926,0.6788156740868995,2.068571312268018,1.4200912837597615,3.0131776195466817,0.0008387621546841628
MKI67 proliferation (4-gene),4,4,221,85,0.5943191673894189,0.528157497431313,0.6524054818698999,1.4522426565628768,1.1251980036449256,1.8743445391024118,0.024042996071249385
